Part ID,Value,Package,Stock Code,Layer,Rotation,X,Y
U1,A4988,A4988_MODULE_STEPPER_MOTOR_DRIVER_CARRIE,,TOP,0,775.984,-1116.14
U2,A4988,A4988_MODULE_STEPPER_MOTOR_DRIVER_CARRIE,,TOP,0,775.984,-1848.43
U3,A4988,A4988_MODULE_STEPPER_MOTOR_DRIVER_CARRIE,,TOP,0,1630.31,-1116.14
U4,A4988,A4988_MODULE_STEPPER_MOTOR_DRIVER_CARRIE,,TOP,0,1618.5,-1852.36
SATA_DIR,SATA_DATA,SATA_DATA,,TOP,90,1183.86,-425.098
SATA_STEP,SATA_DATA,SATA_DATA,,TOP,90,2114.57,-422.736
J1,TBLOCK-I4,CONN-SIL4,,TOP,0,901.969,-2299.21
J2,TBLOCK-I4,CONN-SIL4,,TOP,0,1542.91,-2303.15
J3,TBLOCK-I4,CONN-SIL4,,TOP,0,2172.83,-2307.09
J4,TBLOCK-I4,CONN-SIL4,,TOP,0,906.693,-2586.61
DC-POWER,B4BXHA,CONN-SIL4,,TOP,-90,236.22,-1368.9
J5,TBLOCK-I4,CONN-SIL4,,TOP,0,1543.7,-2586.61
J6,TBLOCK-I4,CONN-SIL4,,TOP,0,2173.62,-2582.68
U5,A4988,A4988_MODULE_STEPPER_MOTOR_DRIVER_CARRIE,,TOP,0,2500.39,-1116.14
U6,A4988,A4988_MODULE_STEPPER_MOTOR_DRIVER_CARRIE,,TOP,0,2500.39,-1852.36
